Date,dow_d_min_1,dow_d_min_2,dow_d_min_3,dow_d_min_4,dow_d_min_5
2016-11-17,83.95898400000078,119.19921899999827,118.30078100000173,118.81835900000078,270.51953100000173
2016-11-18,58.75976599999922,83.95898400000078,119.19921899999827,118.30078100000173,118.81835900000078
2016-11-21,61.910156000001734,58.75976599999922,83.95898400000078,119.19921899999827,118.30078100000173
2016-11-22,77.66015699999843,61.910156000001734,58.75976599999922,83.95898400000078,119.19921899999827
2016-11-23,81.08007799999905,77.66015699999843,61.910156000001734,58.75976599999922,83.95898400000078
2016-11-25,83.37890699999843,81.08007799999905,77.66015699999843,61.910156000001734,58.75976599999922
2016-11-28,58.41992200000095,83.37890699999843,81.08007799999905,77.66015699999843,61.910156000001734
2016-11-29,66.47070299999905,58.41992200000095,83.37890699999843,81.08007799999905,77.66015699999843
2016-11-30,82.17968800000017,66.47070299999905,58.41992200000095,83.37890699999843,81.08007799999905
2016-12-01,101.90820399999939,82.17968800000017,66.47070299999905,58.41992200000095,83.37890699999843
2016-12-02,75.51171800000157,101.90820399999939,82.17968800000017,66.47070299999905,58.41992200000095
2016-12-05,54.96093699999983,75.51171800000157,101.90820399999939,82.17968800000017,66.47070299999905
2016-12-06,88.11914000000252,54.96093699999983,75.51171800000157,101.90820399999939,82.17968800000017
2016-12-07,71.15039099999922,88.11914000000252,54.96093699999983,75.51171800000157,101.90820399999939
2016-12-08,328.5898440000019,71.15039099999922,88.11914000000252,54.96093699999983,75.51171800000157
2016-12-09,137.140625,328.5898440000019,71.15039099999922,88.11914000000252,54.96093699999983
2016-12-12,134.55078100000173,137.140625,328.5898440000019,71.15039099999922,88.11914000000252
2016-12-13,76.84960999999748,134.55078100000173,137.140625,328.5898440000019,71.15039099999922
2016-12-14,107.30078100000173,76.84960999999748,134.55078100000173,137.140625,328.5898440000019
2016-12-15,217.75976599999922,107.30078100000173,76.84960999999748,134.55078100000173,137.140625
2016-12-16,139.78906300000017,217.75976599999922,107.30078100000173,76.84960999999748,134.55078100000173
2016-12-19,102.16992200000095,139.78906300000017,217.75976599999922,107.30078100000173,76.84960999999748
2016-12-20,84.83007800000269,102.16992200000095,139.78906300000017,217.75976599999922,107.30078100000173
2016-12-21,67.21093699999983,84.83007800000269,102.16992200000095,139.78906300000017,217.75976599999922
2016-12-22,44.59960900000078,67.21093699999983,84.83007800000269,102.16992200000095,139.78906300000017
2016-12-23,51.640625,44.59960900000078,67.21093699999983,84.83007800000269,102.16992200000095
2016-12-27,35.089843999998266,51.640625,44.59960900000078,67.21093699999983,84.83007800000269
2016-12-28,40.43945299999905,35.089843999998266,51.640625,44.59960900000078,67.21093699999983
2016-12-29,153.79882799999905,40.43945299999905,35.089843999998266,51.640625,44.59960900000078
2016-12-30,89.5,153.79882799999905,40.43945299999905,35.089843999998266,51.640625
2017-01-03,133.88085900000078,89.5,153.79882799999905,40.43945299999905,35.089843999998266
2017-01-04,162.59960900000078,133.88085900000078,89.5,153.79882799999905,40.43945299999905
2017-01-05,77.31054700000095,162.59960900000078,133.88085900000078,89.5,153.79882799999905
2017-01-06,137.48046800000157,77.31054700000095,162.59960900000078,133.88085900000078,89.5
2017-01-09,165.55078100000173,137.48046800000157,77.31054700000095,162.59960900000078,133.88085900000078
2017-01-10,56.39843800000017,165.55078100000173,137.48046800000157,77.31054700000095,162.59960900000078
2017-01-11,121.08984399999827,56.39843800000017,165.55078100000173,137.48046800000157,77.31054700000095
2017-01-12,140.25976599999922,121.08984399999827,56.39843800000017,165.55078100000173,137.48046800000157
2017-01-13,158.81836000000112,140.25976599999922,121.08984399999827,56.39843800000017,165.55078100000173
2017-01-17,102.64843800000017,158.81836000000112,140.25976599999922,121.08984399999827,56.39843800000017
2017-01-18,107.640625,102.64843800000017,158.81836000000112,140.25976599999922,121.08984399999827
2017-01-19,89.19921899999827,107.640625,102.64843800000017,158.81836000000112,140.25976599999922
2017-01-20,146.20117200000095,89.19921899999827,107.640625,102.64843800000017,158.81836000000112
2017-01-23,84.79882799999905,146.20117200000095,89.19921899999827,107.640625,102.64843800000017
2017-01-24,101.62109399999827,84.79882799999905,146.20117200000095,89.19921899999827,107.640625
2017-01-25,162.5292960000006,101.62109399999827,84.79882799999905,146.20117200000095,89.19921899999827
2017-01-26,87.51953100000173,162.5292960000006,101.62109399999827,84.79882799999905,146.20117200000095
2017-01-27,58.050780999998096,87.51953100000173,162.5292960000006,101.62109399999827,84.79882799999905
2017-01-30,43.33007799999905,58.050780999998096,87.51953100000173,162.5292960000006,101.62109399999827
2017-01-31,158.22851599999922,43.33007799999905,58.050780999998096,87.51953100000173,162.5292960000006
2017-02-01,133.40039099999922,158.22851599999922,43.33007799999905,58.050780999998096,87.51953100000173
2017-02-02,121.74023499999748,133.40039099999922,158.22851599999922,43.33007799999905,58.050780999998096
2017-02-03,91.66015600000173,121.74023499999748,133.40039099999922,158.22851599999922,43.33007799999905
2017-02-06,117.2695309999981,91.66015600000173,121.74023499999748,133.40039099999922,158.22851599999922
2017-02-07,92.13867199999731,117.2695309999981,91.66015600000173,121.74023499999748,133.40039099999922
2017-02-08,86.66992100000061,92.13867199999731,117.2695309999981,91.66015600000173,121.74023499999748
2017-02-09,52.949219000001904,86.66992100000061,92.13867199999731,117.2695309999981,91.66015600000173
2017-02-10,144.62890600000173,52.949219000001904,86.66992100000061,92.13867199999731,117.2695309999981
2017-02-13,93.45117200000095,144.62890600000173,52.949219000001904,86.66992100000061,92.13867199999731
2017-02-14,118.53125,93.45117200000095,144.62890600000173,52.949219000001904,86.66992100000061
2017-02-15,130.390625,118.53125,93.45117200000095,144.62890600000173,52.949219000001904
2017-02-16,124.41992199999731,130.390625,118.53125,93.45117200000095,144.62890600000173
2017-02-17,83.03906300000017,124.41992199999731,130.390625,118.53125,93.45117200000095
2017-02-21,91.44140600000173,83.03906300000017,124.41992199999731,130.390625,118.53125
2017-02-22,94.27148400000078,91.44140600000173,83.03906300000017,124.41992199999731,130.390625
2017-02-23,89.19921899999827,94.27148400000078,91.44140600000173,83.03906300000017,124.41992199999731
2017-02-24,94.28906299999653,89.19921899999827,94.27148400000078,91.44140600000173,83.03906300000017
2017-02-27,87.81054700000095,94.28906299999653,89.19921899999827,94.27148400000078,91.44140600000173
2017-02-28,76.57031199999983,87.81054700000095,94.28906299999653,89.19921899999827,94.27148400000078
2017-03-01,60.02929600000061,76.57031199999983,87.81054700000095,94.28906299999653,89.19921899999827
2017-03-02,211.82031199999983,60.02929600000061,76.57031199999983,87.81054700000095,94.28906299999653
2017-03-03,132.58984399999827,211.82031199999983,60.02929600000061,76.57031199999983,87.81054700000095
2017-03-06,86.10156300000017,132.58984399999827,211.82031199999983,60.02929600000061,76.57031199999983
2017-03-07,74.32031300000017,86.10156300000017,132.58984399999827,211.82031199999983,60.02929600000061
2017-03-08,69.27929700000095,74.32031300000017,86.10156300000017,132.58984399999827,211.82031199999983
2017-03-09,115.859375,69.27929700000095,74.32031300000017,86.10156300000017,132.58984399999827
2017-03-10,123.41015699999843,115.859375,69.27929700000095,74.32031300000017,86.10156300000017
2017-03-13,112.62890699999843,123.41015699999843,115.859375,69.27929700000095,74.32031300000017
2017-03-14,80.34960900000078,112.62890699999843,123.41015699999843,115.859375,69.27929700000095
2017-03-15,87.68945299999905,80.34960900000078,112.62890699999843,123.41015699999843,115.859375
2017-03-16,117.87109399999827,87.68945299999905,80.34960900000078,112.62890699999843,123.41015699999843
2017-03-17,106.609375,117.87109399999827,87.68945299999905,80.34960900000078,112.62890699999843
2017-03-20,69.43945299999905,106.609375,117.87109399999827,87.68945299999905,80.34960900000078
2017-03-21,69.75,69.43945299999905,106.609375,117.87109399999827,87.68945299999905
2017-03-22,316.77929700000095,69.75,69.43945299999905,106.609375,117.87109399999827
2017-03-23,107.2617190000019,316.77929700000095,69.75,69.43945299999905,106.609375
2017-03-24,139.27148400000078,107.2617190000019,316.77929700000095,69.75,69.43945299999905
2017-03-27,188.6601559999981,139.27148400000078,107.2617190000019,316.77929700000095,69.75
2017-03-28,165.66015699999843,188.6601559999981,139.27148400000078,107.2617190000019,316.77929700000095
2017-03-29,215.50976599999922,165.66015699999843,188.6601559999981,139.27148400000078,107.2617190000019
2017-03-30,59.701171999997314,215.50976599999922,165.66015699999843,188.6601559999981,139.27148400000078
2017-03-31,110.17968800000017,59.701171999997314,215.50976599999922,165.66015699999843,188.6601559999981
2017-04-03,61.910155999998096,110.17968800000017,59.701171999997314,215.50976599999922,165.66015699999843
2017-04-04,174.5195309999981,61.910155999998096,110.17968800000017,59.701171999997314,215.50976599999922
2017-04-05,95.98828199999843,174.5195309999981,61.910155999998096,110.17968800000017,59.701171999997314
2017-04-06,247.94921899999827,95.98828199999843,174.5195309999981,61.910155999998096,110.17968800000017
2017-04-07,134.29101599999922,247.94921899999827,95.98828199999843,174.5195309999981,61.910155999998096
2017-04-10,119.1210940000019,134.29101599999922,247.94921899999827,95.98828199999843,174.5195309999981
2017-04-11,135.47070299999905,119.1210940000019,134.29101599999922,247.94921899999827,95.98828199999843
2017-04-12,147.46875,135.47070299999905,119.1210940000019,134.29101599999922,247.94921899999827
2017-04-13,89.50976599999922,147.46875,135.47070299999905,119.1210940000019,134.29101599999922
2017-04-17,159.01953100000173,89.50976599999922,147.46875,135.47070299999905,119.1210940000019
2017-04-18,159.66015600000173,159.01953100000173,89.50976599999922,147.46875,135.47070299999905
2017-04-19,137.83984399999827,159.66015600000173,159.01953100000173,89.50976599999922,147.46875
2017-04-20,167.1386719999973,137.83984399999827,159.66015600000173,159.01953100000173,89.50976599999922
2017-04-21,223.09960900000078,167.1386719999973,137.83984399999827,159.66015600000173,159.01953100000173
2017-04-24,96.07031300000017,223.09960900000078,167.1386719999973,137.83984399999827,159.66015600000173
2017-04-25,68.609375,96.07031300000017,223.09960900000078,167.1386719999973,137.83984399999827
2017-04-26,117.58984399999827,68.609375,96.07031300000017,223.09960900000078,167.1386719999973
2017-04-27,98.63085999999748,117.58984399999827,68.609375,96.07031300000017,223.09960900000078
2017-04-28,70.0,98.63085999999748,117.58984399999827,68.609375,96.07031300000017
2017-05-01,61.00976599999922,70.0,98.63085999999748,117.58984399999827,68.609375
2017-05-02,78.23828199999843,61.00976599999922,70.0,98.63085999999748,117.58984399999827
2017-05-03,56.859375,78.23828199999843,61.00976599999922,70.0,98.63085999999748
2017-05-04,98.56054600000061,56.859375,78.23828199999843,61.00976599999922,70.0
2017-05-05,142.8398440000019,98.56054600000061,56.859375,78.23828199999843,61.00976599999922
2017-05-08,101.93945299999905,142.8398440000019,98.56054600000061,56.859375,78.23828199999843
2017-05-09,46.839843999998266,101.93945299999905,142.8398440000019,98.56054600000061,56.859375
2017-05-10,108.81054600000061,46.839843999998266,101.93945299999905,142.8398440000019,98.56054600000061
2017-05-11,92.12890600000173,108.81054600000061,46.839843999998266,101.93945299999905,142.8398440000019
2017-05-12,134.45898400000078,92.12890600000173,108.81054600000061,46.839843999998266,101.93945299999905
2017-05-15,46.359375,134.45898400000078,92.12890600000173,108.81054600000061,46.839843999998266
2017-05-16,77.19921899999827,46.359375,134.45898400000078,92.12890600000173,108.81054600000061
2017-05-17,100.64843800000017,77.19921899999827,46.359375,134.45898400000078,92.12890600000173
2017-05-18,245.0898440000019,100.64843800000017,77.19921899999827,46.359375,134.45898400000078
2017-05-19,205.75,245.0898440000019,100.64843800000017,77.19921899999827,46.359375
2017-05-22,169.19140600000173,205.75,245.0898440000019,100.64843800000017,77.19921899999827
2017-05-23,54.09960999999748,169.19140600000173,205.75,245.0898440000019,100.64843800000017
2017-05-24,64.91992200000095,54.09960999999748,169.19140600000173,205.75,245.0898440000019
2017-05-25,89.24023500000112,64.91992200000095,54.09960999999748,169.19140600000173,205.75
2017-05-26,60.910156999998435,89.24023500000112,64.91992200000095,54.09960999999748,169.19140600000173
2017-05-30,42.33007899999939,60.910156999998435,89.24023500000112,64.91992200000095,54.09960999999748
2017-05-31,54.019531999998435,42.33007899999939,60.910156999998435,89.24023500000112,64.91992200000095
2017-06-01,109.1289059999981,54.019531999998435,42.33007899999939,60.910156999998435,89.24023500000112
2017-06-02,149.95898500000112,109.1289059999981,54.019531999998435,42.33007899999939,60.910156999998435
2017-06-05,95.47851599999922,149.95898500000112,109.1289059999981,54.019531999998435,42.33007899999939
2017-06-06,55.720703000002686,95.47851599999922,149.95898500000112,109.1289059999981,54.019531999998435
2017-06-07,62.00976499999888,55.720703000002686,95.47851599999922,149.95898500000112,109.1289059999981
2017-06-08,76.52929699999731,62.00976499999888,55.720703000002686,95.47851599999922,149.95898500000112
2017-06-09,127.52929699999731,76.52929699999731,62.00976499999888,55.720703000002686,95.47851599999922
2017-06-12,145.90039000000252,127.52929699999731,76.52929699999731,62.00976499999888,55.720703000002686
2017-06-13,90.92968699999983,145.90039000000252,127.52929699999731,76.52929699999731,62.00976499999888
2017-06-14,75.93945300000269,90.92968699999983,145.90039000000252,127.52929699999731,76.52929699999731
2017-06-15,97.88085900000078,75.93945300000269,90.92968699999983,145.90039000000252,127.52929699999731
2017-06-16,105.41015600000173,97.88085900000078,75.93945300000269,90.92968699999983,145.90039000000252
2017-06-19,76.41015600000173,105.41015600000173,97.88085900000078,75.93945300000269,90.92968699999983
2017-06-20,92.91015600000173,76.41015600000173,105.41015600000173,97.88085900000078,75.93945300000269
2017-06-21,70.78906300000017,92.91015600000173,76.41015600000173,105.41015600000173,97.88085900000078
2017-06-22,102.61914099999922,70.78906300000017,92.91015600000173,76.41015600000173,105.41015600000173
2017-06-23,61.660155999998096,102.61914099999922,70.78906300000017,92.91015600000173,76.41015600000173
2017-06-26,87.89843800000017,61.660155999998096,102.61914099999922,70.78906300000017,92.91015600000173
2017-06-27,124.96093800000017,87.89843800000017,61.660155999998096,102.61914099999922,70.78906300000017
2017-06-28,129.93945299999905,124.96093800000017,87.89843800000017,61.660155999998096,102.61914099999922
2017-06-29,106.390625,129.93945299999905,124.96093800000017,87.89843800000017,61.660155999998096
2017-06-30,290.30078100000173,106.390625,129.93945299999905,124.96093800000017,87.89843800000017
2017-07-03,101.03906300000017,290.30078100000173,106.390625,129.93945299999905,124.96093800000017
2017-07-05,171.03906199999983,101.03906300000017,290.30078100000173,106.390625,129.93945299999905
2017-07-06,100.59960900000078,171.03906199999983,101.03906300000017,290.30078100000173,106.390625
2017-07-07,127.71875,100.59960900000078,171.03906199999983,101.03906300000017,290.30078100000173
2017-07-10,75.09961000000112,127.71875,100.59960900000078,171.03906199999983,101.03906300000017
2017-07-11,75.28125,75.09961000000112,127.71875,100.59960900000078,171.03906199999983
2017-07-12,162.31835999999748,75.28125,75.09961000000112,127.71875,100.59960900000078
2017-07-13,112.859375,162.31835999999748,75.28125,75.09961000000112,127.71875
2017-07-14,56.36132799999905,112.859375,162.31835999999748,75.28125,75.09961000000112
2017-07-17,159.8085940000019,56.36132799999905,112.859375,162.31835999999748,75.28125
2017-07-18,44.15039099999922,159.8085940000019,56.36132799999905,112.859375,162.31835999999748
2017-07-19,118.79882799999905,44.15039099999922,159.8085940000019,56.36132799999905,112.859375
2017-07-20,74.91015600000173,118.79882799999905,44.15039099999922,159.8085940000019,56.36132799999905
2017-07-21,84.94921800000157,74.91015600000173,118.79882799999905,44.15039099999922,159.8085940000019
2017-07-24,88.83007799999905,84.94921800000157,74.91015600000173,118.79882799999905,44.15039099999922
2017-07-25,81.64843800000017,88.83007799999905,84.94921800000157,74.91015600000173,118.79882799999905
2017-07-26,93.25,81.64843800000017,88.83007799999905,84.94921800000157,74.91015600000173
2017-07-27,59.410155999998096,93.25,81.64843800000017,88.83007799999905,84.94921800000157
2017-07-28,110.62109399999827,59.410155999998096,93.25,81.64843800000017,88.83007799999905
2017-07-31,85.06054700000095,110.62109399999827,59.410155999998096,93.25,81.64843800000017
2017-08-01,68.08984300000157,85.06054700000095,110.62109399999827,59.410155999998096,93.25
2017-08-02,50.15039099999922,68.08984300000157,85.06054700000095,110.62109399999827,59.410155999998096
2017-08-03,68.63867100000061,50.15039099999922,68.08984300000157,85.06054700000095,110.62109399999827
2017-08-04,53.52929600000061,68.63867100000061,50.15039099999922,68.08984300000157,85.06054700000095
2017-08-07,68.16992200000095,53.52929600000061,68.63867100000061,50.15039099999922,68.08984300000157
2017-08-08,39.17968800000017,68.16992200000095,53.52929600000061,68.63867100000061,50.15039099999922
2017-08-09,121.82031199999983,39.17968800000017,68.16992200000095,53.52929600000061,68.63867100000061
2017-08-10,60.5,121.82031199999983,39.17968800000017,68.16992200000095,53.52929600000061
2017-08-11,144.25976599999922,60.5,121.82031199999983,39.17968800000017,68.16992200000095
2017-08-14,68.34960999999748,144.25976599999922,60.5,121.82031199999983,39.17968800000017
2017-08-15,73.58984399999827,68.34960999999748,144.25976599999922,60.5,121.82031199999983
2017-08-16,67.43945300000269,73.58984399999827,68.34960999999748,144.25976599999922,60.5
2017-08-17,83.24023500000112,67.43945300000269,73.58984399999827,68.34960999999748,144.25976599999922
2017-08-18,234.4199210000006,83.24023500000112,67.43945300000269,73.58984399999827,68.34960999999748
2017-08-21,151.71875,234.4199210000006,83.24023500000112,67.43945300000269,73.58984399999827
2017-08-22,118.40039000000252,151.71875,234.4199210000006,83.24023500000112,67.43945300000269
2017-08-23,174.69921899999827,118.40039000000252,151.71875,234.4199210000006,83.24023500000112
2017-08-24,58.269531000001734,174.69921899999827,118.40039000000252,151.71875,234.4199210000006
2017-08-25,104.28906199999983,58.269531000001734,174.69921899999827,118.40039000000252,151.71875
2017-08-28,94.04882799999905,104.28906199999983,58.269531000001734,174.69921899999827,118.40039000000252
2017-08-29,93.55078100000173,94.04882799999905,104.28906199999983,58.269531000001734,174.69921899999827
2017-08-30,205.640625,93.55078100000173,94.04882799999905,104.28906199999983,58.269531000001734
2017-08-31,74.78906300000017,205.640625,93.55078100000173,94.04882799999905,104.28906199999983
2017-09-01,75.25976599999922,74.78906300000017,205.640625,93.55078100000173,94.04882799999905
2017-09-05,64.06054699999731,75.25976599999922,74.78906300000017,205.640625,93.55078100000173
2017-09-06,211.45898499999748,64.06054699999731,75.25976599999922,74.78906300000017,205.640625
2017-09-07,55.16992100000061,211.45898499999748,64.06054699999731,75.25976599999922,74.78906300000017
2017-09-08,104.29882799999905,55.16992100000061,211.45898499999748,64.06054699999731,75.25976599999922
2017-09-11,115.51171800000157,104.29882799999905,55.16992100000061,211.45898499999748,64.06054699999731
2017-09-12,139.3105460000006,115.51171800000157,104.29882799999905,55.16992100000061,211.45898499999748
2017-09-13,47.480469000001904,139.3105460000006,115.51171800000157,104.29882799999905,55.16992100000061
2017-09-14,62.390625,47.480469000001904,139.3105460000006,115.51171800000157,104.29882799999905
2017-09-15,81.17968699999983,62.390625,47.480469000001904,139.3105460000006,115.51171800000157
2017-09-18,60.5,81.17968699999983,62.390625,47.480469000001904,139.3105460000006
2017-09-19,72.26953199999843,60.5,81.17968699999983,62.390625,47.480469000001904
2017-09-20,45.29882799999905,72.26953199999843,60.5,81.17968699999983,62.390625
2017-09-21,98.58007799999905,45.29882799999905,72.26953199999843,60.5,81.17968699999983
2017-09-22,62.95898499999748,98.58007799999905,45.29882799999905,72.26953199999843,60.5
2017-09-25,64.7304690000019,62.95898499999748,98.58007799999905,45.29882799999905,72.26953199999843
2017-09-26,140.77148400000078,64.7304690000019,62.95898499999748,98.58007799999905,45.29882799999905
2017-09-27,89.83007799999905,140.77148400000078,64.7304690000019,62.95898499999748,98.58007799999905
2017-09-28,116.16992100000061,89.83007799999905,140.77148400000078,64.7304690000019,62.95898499999748
2017-09-29,105.76953100000173,116.16992100000061,89.83007799999905,140.77148400000078,64.7304690000019
2017-10-02,72.66992100000061,105.76953100000173,116.16992100000061,89.83007799999905,140.77148400000078
2017-10-03,143.38085900000078,72.66992100000061,105.76953100000173,116.16992100000061,89.83007799999905
2017-10-04,83.41992200000095,143.38085900000078,72.66992100000061,105.76953100000173,116.16992100000061
2017-10-05,53.138671999997314,83.41992200000095,143.38085900000078,72.66992100000061,105.76953100000173
2017-10-06,121.89843800000017,53.138671999997314,83.41992200000095,143.38085900000078,72.66992100000061
2017-10-09,42.82031300000017,121.89843800000017,53.138671999997314,83.41992200000095,143.38085900000078
2017-10-10,63.988281999998435,42.82031300000017,121.89843800000017,53.138671999997314,83.41992200000095
2017-10-11,79.51953199999843,63.988281999998435,42.82031300000017,121.89843800000017,53.138671999997314
2017-10-12,51.230468999998266,79.51953199999843,63.988281999998435,42.82031300000017,121.89843800000017
2017-10-13,63.68945399999939,51.230468999998266,79.51953199999843,63.988281999998435,42.82031300000017
2017-10-16,49.40038999999888,63.68945399999939,51.230468999998266,79.51953199999843,63.988281999998435
2017-10-17,73.0,49.40038999999888,63.68945399999939,51.230468999998266,79.51953199999843
2017-10-18,53.96875,73.0,49.40038999999888,63.68945399999939,51.230468999998266
2017-10-19,86.17968800000017,53.96875,73.0,49.40038999999888,63.68945399999939
2017-10-20,114.57031199999983,86.17968800000017,53.96875,73.0,49.40038999999888
2017-10-23,127.06054699999731,114.57031199999983,86.17968800000017,53.96875,73.0
2017-10-24,94.40820299999905,127.06054699999731,114.57031199999983,86.17968800000017,53.96875
2017-10-25,142.01953100000173,94.40820299999905,127.06054699999731,114.57031199999983,86.17968800000017
2017-10-26,200.40039099999922,142.01953100000173,94.40820299999905,127.06054699999731,114.57031199999983
2017-10-27,78.94921899999827,200.40039099999922,142.01953100000173,94.40820299999905,127.06054699999731
2017-10-30,96.24023499999748,78.94921899999827,200.40039099999922,142.01953100000173,94.40820299999905
2017-10-31,100.88085900000078,96.24023499999748,78.94921899999827,200.40039099999922,142.01953100000173
2017-11-01,71.95898400000078,100.88085900000078,96.24023499999748,78.94921899999827,200.40039099999922
2017-11-02,128.80078199999843,71.95898400000078,100.88085900000078,96.24023499999748,78.94921899999827
2017-11-03,180.40039000000252,128.80078199999843,71.95898400000078,100.88085900000078,96.24023499999748
2017-11-06,75.49023400000078,180.40039000000252,128.80078199999843,71.95898400000078,100.88085900000078
2017-11-07,54.109375,75.49023400000078,180.40039000000252,128.80078199999843,71.95898400000078
2017-11-08,117.92968800000017,54.109375,75.49023400000078,180.40039000000252,128.80078199999843
2017-11-09,64.43945299999905,117.92968800000017,54.109375,75.49023400000078,180.40039000000252
2017-11-10,206.72070299999905,64.43945299999905,117.92968800000017,54.109375,75.49023400000078
2017-11-13,59.238280999998096,206.72070299999905,64.43945299999905,117.92968800000017,54.109375
2017-11-14,118.3398440000019,59.238280999998096,206.72070299999905,64.43945299999905,117.92968800000017
2017-11-15,142.50976499999888,118.3398440000019,59.238280999998096,206.72070299999905,64.43945299999905
2017-11-16,102.24023400000078,142.50976499999888,118.3398440000019,59.238280999998096,206.72070299999905
2017-11-17,126.84960900000078,102.24023400000078,142.50976499999888,118.3398440000019,59.238280999998096
2017-11-20,77.75976500000252,126.84960900000078,102.24023400000078,142.50976499999888,118.3398440000019
2017-11-21,96.30078100000173,77.75976500000252,126.84960900000078,102.24023400000078,142.50976499999888
2017-11-22,117.65039000000252,96.30078100000173,77.75976500000252,126.84960900000078,102.24023400000078
2017-11-24,98.16015600000173,117.65039000000252,96.30078100000173,77.75976500000252,126.84960900000078
2017-11-27,47.589844000001904,98.16015600000173,117.65039000000252,96.30078100000173,77.75976500000252
2017-11-28,93.90039099999922,47.589844000001904,98.16015600000173,117.65039000000252,96.30078100000173
2017-11-29,232.5,93.90039099999922,47.589844000001904,98.16015600000173,117.65039000000252
2017-11-30,87.16992200000095,232.5,93.90039099999922,47.589844000001904,98.16015600000173
2017-12-01,314.01953199999843,87.16992200000095,232.5,93.90039099999922,47.589844000001904
2017-12-04,400.16015600000173,314.01953199999843,87.16992200000095,232.5,93.90039099999922
2017-12-05,245.84961000000112,400.16015600000173,314.01953199999843,87.16992200000095,232.5
2017-12-06,194.46093699999983,245.84961000000112,400.16015600000173,314.01953199999843,87.16992200000095
2017-12-07,94.859375,194.46093699999983,245.84961000000112,400.16015600000173,314.01953199999843
2017-12-08,161.640625,94.859375,194.46093699999983,245.84961000000112,400.16015600000173
2017-12-11,104.61914099999922,161.640625,94.859375,194.46093699999983,245.84961000000112
2017-12-12,74.98046899999827,104.61914099999922,161.640625,94.859375,194.46093699999983
2017-12-13,109.140625,74.98046899999827,104.61914099999922,161.640625,94.859375
2017-12-14,147.71875,109.140625,74.98046899999827,104.61914099999922,161.640625
2017-12-15,163.82031299999653,147.71875,109.140625,74.98046899999827,104.61914099999922
2017-12-18,104.17968800000017,163.82031299999653,147.71875,109.140625,74.98046899999827
2017-12-19,136.50976599999922,104.17968800000017,163.82031299999653,147.71875,109.140625
2017-12-20,134.50976599999922,136.50976599999922,104.17968800000017,163.82031299999653,147.71875
2017-12-21,155.33007799999905,134.50976599999922,136.50976599999922,104.17968800000017,163.82031299999653
2017-12-22,84.640625,155.33007799999905,134.50976599999922,136.50976599999922,104.17968800000017
2017-12-26,66.640625,84.640625,155.33007799999905,134.50976599999922,136.50976599999922
2017-12-27,69.71093699999983,66.640625,84.640625,155.33007799999905,134.50976599999922
2017-12-28,57.839843000001565,69.71093699999983,66.640625,84.640625,155.33007799999905
2017-12-29,42.09960999999748,57.839843000001565,69.71093699999983,66.640625,84.640625
2018-01-02,152.4394530000027,42.09960999999748,57.839843000001565,69.71093699999983,66.640625
2018-01-03,122.49023400000078,152.4394530000027,42.09960999999748,57.839843000001565,69.71093699999983
2018-01-04,116.36914099999922,122.49023400000078,152.4394530000027,42.09960999999748,57.839843000001565
2018-01-05,142.69140699999843,116.36914099999922,122.49023400000078,152.4394530000027,42.09960999999748
2018-01-08,187.77929700000095,142.69140699999843,116.36914099999922,122.49023400000078,152.4394530000027
2018-01-09,76.58007799999905,187.77929700000095,142.69140699999843,116.36914099999922,122.49023400000078
2018-01-10,131.36914099999922,76.58007799999905,187.77929700000095,142.69140699999843,116.36914099999922
2018-01-11,147.92968800000017,131.36914099999922,76.58007799999905,187.77929700000095,142.69140699999843
2018-01-12,179.2304690000019,147.92968800000017,131.36914099999922,76.58007799999905,187.77929700000095
2018-01-16,177.34961000000112,179.2304690000019,147.92968800000017,131.36914099999922,76.58007799999905
2018-01-17,383.12890699999843,177.34961000000112,179.2304690000019,147.92968800000017,131.36914099999922
2018-01-18,265.42968799999653,383.12890699999843,177.34961000000112,179.2304690000019,147.92968800000017
2018-01-19,206.09960900000078,265.42968799999653,383.12890699999843,177.34961000000112,179.2304690000019
2018-01-22,128.890625,206.09960900000078,265.42968799999653,383.12890699999843,177.34961000000112
2018-01-23,240.58007799999905,128.890625,206.09960900000078,265.42968799999653,383.12890699999843
2018-01-24,102.28906199999983,240.58007799999905,128.890625,206.09960900000078,265.42968799999653
2018-01-25,285.8613280000027,102.28906199999983,240.58007799999905,128.890625,206.09960900000078
2018-01-26,198.52929700000095,285.8613280000027,102.28906199999983,240.58007799999905,128.890625
2018-01-29,191.3613289999994,198.52929700000095,285.8613280000027,102.28906199999983,240.58007799999905
2018-01-30,173.56054700000095,191.3613289999994,198.52929700000095,285.8613280000027,102.28906199999983
2018-01-31,228.57031199999983,173.56054700000095,191.3613289999994,198.52929700000095,285.8613280000027
2018-02-01,287.0488280000027,228.57031199999983,173.56054700000095,191.3613289999994,198.52929700000095
2018-02-02,292.2597659999992,287.0488280000027,228.57031199999983,173.56054700000095,191.3613289999994
2018-02-05,571.1289069999984,292.2597659999992,287.0488280000027,228.57031199999983,173.56054700000095
2018-02-06,1596.6484380000002,571.1289069999984,292.2597659999992,287.0488280000027,228.57031199999983
2018-02-07,1167.4902349999975,1596.6484380000002,571.1289069999984,292.2597659999992,287.0488280000027
2018-02-08,508.5214850000011,1167.4902349999975,1596.6484380000002,571.1289069999984,292.2597659999992
2018-02-09,1054.449219000002,508.5214850000011,1167.4902349999975,1596.6484380000002,571.1289069999984
2018-02-12,1021.8515619999998,1054.449219000002,508.5214850000011,1167.4902349999975,1596.6484380000002
2018-02-13,474.67968700000347,1021.8515619999998,1054.449219000002,508.5214850000011,1167.4902349999975
2018-02-14,284.6914059999981,474.67968700000347,1021.8515619999998,1054.449219000002,508.5214850000011
2018-02-15,435.58984399999827,284.6914059999981,474.67968700000347,1021.8515619999998,1054.449219000002
2018-02-16,394.5292969999973,435.58984399999827,284.6914059999981,474.67968700000347,1021.8515619999998
2018-02-20,283.16015600000173,394.5292969999973,435.58984399999827,284.6914059999981,474.67968700000347
2018-02-21,294.82031300000017,283.16015600000173,394.5292969999973,435.58984399999827,284.6914059999981
2018-02-22,475.0,294.82031300000017,283.16015600000173,394.5292969999973,435.58984399999827
2018-02-23,301.890625,475.0,294.82031300000017,283.16015600000173,394.5292969999973
2018-02-26,285.17968700000347,301.890625,475.0,294.82031300000017,283.16015600000173
2018-02-27,334.2402340000008,285.17968700000347,301.890625,475.0,294.82031300000017
2018-02-28,392.51953100000173,334.2402340000008,285.17968700000347,301.890625,475.0
2018-03-01,553.7304689999983,392.51953100000173,334.2402340000008,285.17968700000347,301.890625
2018-03-02,742.7890619999998,553.7304689999983,392.51953100000173,334.2402340000008,285.17968700000347
2018-03-05,374.70117200000095,742.7890619999998,553.7304689999983,392.51953100000173,334.2402340000008
2018-03-06,573.8496090000008,374.70117200000095,742.7890619999998,553.7304689999983,392.51953100000173
2018-03-07,286.83007799999905,573.8496090000008,374.70117200000095,742.7890619999998,553.7304689999983
2018-03-08,314.56054700000095,286.83007799999905,573.8496090000008,374.70117200000095,742.7890619999998
2018-03-09,247.43945299999905,314.56054700000095,286.83007799999905,573.8496090000008,374.70117200000095
2018-03-12,331.43945299999905,247.43945299999905,314.56054700000095,286.83007799999905,573.8496090000008
2018-03-13,297.1308599999975,331.43945299999905,247.43945299999905,314.56054700000095,286.83007799999905
2018-03-14,428.9003909999992,297.1308599999975,331.43945299999905,247.43945299999905,314.56054700000095
2018-03-15,461.28906300000017,428.9003909999992,297.1308599999975,331.43945299999905,247.43945299999905
2018-03-16,300.58007799999905,461.28906300000017,428.9003909999992,297.1308599999975,331.43945299999905
2018-03-19,173.91015600000173,300.58007799999905,461.28906300000017,428.9003909999992,297.1308599999975
2018-03-20,440.54882799999905,173.91015600000173,300.58007799999905,461.28906300000017,428.9003909999992
2018-03-21,152.96875,440.54882799999905,173.91015600000173,300.58007799999905,461.28906300000017
2018-03-22,322.25,152.96875,440.54882799999905,173.91015600000173,300.58007799999905
2018-03-23,587.2695319999984,322.25,152.96875,440.54882799999905,173.91015600000173
2018-03-26,599.4101559999981,587.2695319999984,322.25,152.96875,440.54882799999905
2018-03-27,491.0800780000027,599.4101559999981,587.2695319999984,322.25,152.96875
2018-03-28,737.4902340000008,491.0800780000027,599.4101559999981,587.2695319999984,322.25
2018-03-29,363.8007809999981,737.4902340000008,491.0800780000027,599.4101559999981,587.2695319999984
2018-04-02,386.16992200000095,363.8007809999981,737.4902340000008,491.0800780000027,599.4101559999981
2018-04-03,779.28125,386.16992200000095,363.8007809999981,737.4902340000008,491.0800780000027
2018-04-04,380.01953100000173,779.28125,386.16992200000095,363.8007809999981,737.4902340000008
2018-04-05,785.8007819999984,380.01953100000173,779.28125,386.16992200000095,363.8007809999981
2018-04-06,308.3496099999975,785.8007819999984,380.01953100000173,779.28125,386.16992200000095
2018-04-09,696.201172000001,308.3496099999975,785.8007819999984,380.01953100000173,779.28125
2018-04-10,418.3496100000011,696.201172000001,308.3496099999975,785.8007819999984,380.01953100000173
2018-04-11,312.4003900000025,418.3496100000011,696.201172000001,308.3496099999975,785.8007819999984
2018-04-12,215.70117200000095,312.4003900000025,418.3496100000011,696.201172000001,308.3496099999975
2018-04-13,289.29882799999905,215.70117200000095,312.4003900000025,418.3496100000011,696.201172000001
2018-04-16,402.7089849999975,289.29882799999905,215.70117200000095,312.4003900000025,418.3496100000011
2018-04-17,195.16015600000173,402.7089849999975,289.29882799999905,215.70117200000095,312.4003900000025
2018-04-18,177.18163999999888,195.16015600000173,402.7089849999975,289.29882799999905,215.70117200000095
2018-04-19,111.4492190000019,177.18163999999888,195.16015600000173,402.7089849999975,289.29882799999905
2018-04-20,205.4511719999973,111.4492190000019,177.18163999999888,195.16015600000173,402.7089849999975
2018-04-23,303.03125,205.4511719999973,111.4492190000019,177.18163999999888,195.16015600000173
2018-04-24,208.35156199999983,303.03125,205.4511719999973,111.4492190000019,177.18163999999888
2018-04-25,751.2089840000008,208.35156199999983,303.03125,205.4511719999973,111.4492190000019
2018-04-26,323.2597659999992,751.2089840000008,208.35156199999983,303.03125,205.4511719999973
2018-04-27,273.7402350000011,323.2597659999992,751.2089840000008,208.35156199999983,303.03125
2018-04-30,164.93164000000252,273.7402350000011,323.2597659999992,751.2089840000008,208.35156199999983
2018-05-01,335.1503909999992,164.93164000000252,273.7402350000011,323.2597659999992,751.2089840000008
2018-05-02,309.0996100000011,335.1503909999992,164.93164000000252,273.7402350000011,323.2597659999992
2018-05-03,299.21875,309.0996100000011,335.1503909999992,164.93164000000252,273.7402350000011
2018-05-04,464.83984399999827,299.21875,309.0996100000011,335.1503909999992,164.93164000000252
2018-05-07,554.4804680000016,464.83984399999827,299.21875,309.0996100000011,335.1503909999992
2018-05-08,216.0292969999973,554.4804680000016,464.83984399999827,299.21875,309.0996100000011
2018-05-09,214.0,216.0292969999973,554.4804680000016,464.83984399999827,299.21875
2018-05-10,262.61132799999905,214.0,216.0292969999973,554.4804680000016,464.83984399999827
2018-05-11,219.08007799999905,262.61132799999905,214.0,216.0292969999973,554.4804680000016
2018-05-14,151.15039099999922,219.08007799999905,262.61132799999905,214.0,216.0292969999973
2018-05-15,131.6699219999973,151.15039099999922,219.08007799999905,262.61132799999905,214.0
2018-05-16,180.16015600000173,131.6699219999973,151.15039099999922,219.08007799999905,262.61132799999905
2018-05-17,128.40038999999888,180.16015600000173,131.6699219999973,151.15039099999922,219.08007799999905
2018-05-18,200.08984300000157,128.40038999999888,180.16015600000173,131.6699219999973,151.15039099999922
2018-05-21,110.10156199999983,200.08984300000157,128.40038999999888,180.16015600000173,131.6699219999973
2018-05-22,203.42968699999983,110.10156199999983,200.08984300000157,128.40038999999888,180.16015600000173
2018-05-23,252.92968699999983,203.42968699999983,110.10156199999983,200.08984300000157,128.40038999999888
2018-05-24,222.34179700000095,252.92968699999983,203.42968699999983,110.10156199999983,200.08984300000157
2018-05-25,271.4589840000008,222.34179700000095,252.92968699999983,203.42968699999983,110.10156199999983
2018-05-29,136.4101559999981,271.4589840000008,222.34179700000095,252.92968699999983,203.42968699999983
2018-05-30,387.3398440000019,136.4101559999981,271.4589840000008,222.34179700000095,252.92968699999983
2018-05-31,255.390625,387.3398440000019,136.4101559999981,271.4589840000008,222.34179700000095
2018-06-01,268.63867200000095,255.390625,387.3398440000019,136.4101559999981,271.4589840000008
2018-06-04,131.50976500000252,268.63867200000095,255.390625,387.3398440000019,136.4101559999981
2018-06-05,137.22851599999922,131.50976500000252,268.63867200000095,255.390625,387.3398440000019
2018-06-06,127.95898400000078,137.22851599999922,131.50976500000252,268.63867200000095,255.390625
2018-06-07,292.32031300000017,127.95898400000078,137.22851599999922,131.50976500000252,268.63867200000095
2018-06-08,161.609375,292.32031300000017,127.95898400000078,137.22851599999922,131.50976500000252
2018-06-11,159.93164000000252,161.609375,292.32031300000017,127.95898400000078,137.22851599999922
2018-06-12,112.63085900000078,159.93164000000252,161.609375,292.32031300000017,127.95898400000078
2018-06-13,117.33007799999905,112.63085900000078,159.93164000000252,161.609375,292.32031300000017
2018-06-14,170.65039099999922,117.33007799999905,112.63085900000078,159.93164000000252,161.609375
2018-06-15,193.90039099999922,170.65039099999922,117.33007799999905,112.63085900000078,159.93164000000252
2018-06-18,236.4394539999994,193.90039099999922,170.65039099999922,117.33007799999905,112.63085900000078
2018-06-19,177.33007799999905,236.4394539999994,193.90039099999922,170.65039099999922,117.33007799999905
2018-06-20,195.83984399999827,177.33007799999905,236.4394539999994,193.90039099999922,170.65039099999922
2018-06-21,176.36914099999922,195.83984399999827,177.33007799999905,236.4394539999994,193.90039099999922
2018-06-22,232.5800789999994,176.36914099999922,195.83984399999827,177.33007799999905,236.4394539999994
2018-06-25,136.20898500000112,232.5800789999994,176.36914099999922,195.83984399999827,177.33007799999905
2018-06-26,379.33984399999827,136.20898500000112,232.5800789999994,176.36914099999922,195.83984399999827
2018-06-27,142.99023500000112,379.33984399999827,136.20898500000112,232.5800789999994,176.36914099999922
2018-06-28,453.19921800000157,142.99023500000112,379.33984399999827,136.20898500000112,232.5800789999994
2018-06-29,310.94921800000157,453.19921800000157,142.99023500000112,379.33984399999827,136.20898500000112
2018-07-02,239.80859300000157,310.94921800000157,453.19921800000157,142.99023500000112,379.33984399999827
2018-07-03,241.859375,239.80859300000157,310.94921800000157,453.19921800000157,142.99023500000112
2018-07-05,294.03125,241.859375,239.80859300000157,310.94921800000157,453.19921800000157
2018-07-06,195.3613280000027,294.03125,241.859375,239.80859300000157,310.94921800000157
2018-07-09,238.81836000000112,195.3613280000027,294.03125,241.859375,239.80859300000157
2018-07-10,278.08984300000157,238.81836000000112,195.3613280000027,294.03125,241.859375
2018-07-11,138.41015600000173,278.08984300000157,238.81836000000112,195.3613280000027,294.03125
2018-07-12,151.33984300000157,138.41015600000173,278.08984300000157,238.81836000000112,195.3613280000027
2018-07-13,137.07031199999983,151.33984300000157,138.41015600000173,278.08984300000157,238.81836000000112
2018-07-16,153.15039099999922,137.07031199999983,151.33984300000157,138.41015600000173,278.08984300000157
2018-07-17,92.76953100000173,153.15039099999922,137.07031199999983,151.33984300000157,138.41015600000173
2018-07-18,165.78125,92.76953100000173,153.15039099999922,137.07031199999983,151.33984300000157
2018-07-19,114.20117200000095,165.78125,92.76953100000173,153.15039099999922,137.07031199999983
2018-07-20,101.55078100000173,114.20117200000095,165.78125,92.76953100000173,153.15039099999922
2018-07-23,137.75,101.55078100000173,114.20117200000095,165.78125,92.76953100000173
2018-07-24,98.11914099999922,137.75,101.55078100000173,114.20117200000095,165.78125
2018-07-25,194.18945299999905,98.11914099999922,137.75,101.55078100000173,114.20117200000095
2018-07-26,319.3183599999975,194.18945299999905,98.11914099999922,137.75,101.55078100000173
2018-07-27,124.08007799999905,319.3183599999975,194.18945299999905,98.11914099999922,137.75
2018-07-30,210.15038999999888,124.08007799999905,319.3183599999975,194.18945299999905,98.11914099999922
2018-07-31,212.77929700000095,210.15038999999888,124.08007799999905,319.3183599999975,194.18945299999905
2018-08-01,145.7695309999981,212.77929700000095,210.15038999999888,124.08007799999905,319.3183599999975
2018-08-02,210.48046800000157,145.7695309999981,212.77929700000095,210.15038999999888,124.08007799999905
2018-08-03,240.4101559999981,210.48046800000157,145.7695309999981,212.77929700000095,210.15038999999888
2018-08-06,142.73046899999827,240.4101559999981,210.48046800000157,145.7695309999981,212.77929700000095
2018-08-07,158.63867200000095,142.73046899999827,240.4101559999981,210.48046800000157,145.7695309999981
2018-08-08,141.07031199999983,158.63867200000095,142.73046899999827,240.4101559999981,210.48046800000157
2018-08-09,76.62890600000173,141.07031199999983,158.63867200000095,142.73046899999827,240.4101559999981
2018-08-10,120.6210940000019,76.62890600000173,141.07031199999983,158.63867200000095,142.73046899999827
2018-08-13,178.30859399999827,120.6210940000019,76.62890600000173,141.07031199999983,158.63867200000095
2018-08-14,227.46093699999983,178.30859399999827,120.6210940000019,76.62890600000173,141.07031199999983
2018-08-15,137.640625,227.46093699999983,178.30859399999827,120.6210940000019,76.62890600000173
2018-08-16,269.5996099999975,137.640625,227.46093699999983,178.30859399999827,120.6210940000019
2018-08-17,312.3691409999992,269.5996099999975,137.640625,227.46093699999983,178.30859399999827
2018-08-20,206.5,312.3691409999992,269.5996099999975,137.640625,227.46093699999983
2018-08-21,73.75976599999922,206.5,312.3691409999992,269.5996099999975,137.640625
2018-08-22,103.91992200000095,73.75976599999922,206.5,312.3691409999992,269.5996099999975
2018-08-23,113.73046800000157,103.91992200000095,73.75976599999922,206.5,312.3691409999992
2018-08-24,154.54101599999922,113.73046800000157,103.91992200000095,73.75976599999922,206.5
2018-08-27,137.4707030000027,154.54101599999922,113.73046800000157,103.91992200000095,73.75976599999922
2018-08-28,184.859375,137.4707030000027,154.54101599999922,113.73046800000157,103.91992200000095
2018-08-29,84.390625,184.859375,137.4707030000027,154.54101599999922,113.73046800000157
2018-08-30,132.6386719999973,84.390625,184.859375,137.4707030000027,154.54101599999922
2018-08-31,169.56835999999748,132.6386719999973,84.390625,184.859375,137.4707030000027
2018-09-04,149.0605469999973,169.56835999999748,132.6386719999973,84.390625,184.859375
2018-09-05,165.82031200000347,149.0605469999973,169.56835999999748,132.6386719999973,84.390625
2018-09-06,140.18163999999888,165.82031200000347,149.0605469999973,169.56835999999748,132.6386719999973
2018-09-07,192.8398440000019,140.18163999999888,165.82031200000347,149.0605469999973,169.56835999999748
2018-09-10,184.59960900000078,192.8398440000019,140.18163999999888,165.82031200000347,149.0605469999973
2018-09-11,185.8300789999994,184.59960900000078,192.8398440000019,140.18163999999888,165.82031200000347
2018-09-12,265.5996090000008,185.8300789999994,184.59960900000078,192.8398440000019,140.18163999999888
2018-09-13,216.29101499999888,265.5996090000008,185.8300789999994,184.59960900000078,192.8398440000019
2018-09-14,124.56054700000095,216.29101499999888,265.5996090000008,185.8300789999994,184.59960900000078
2018-09-17,142.82031199999983,124.56054700000095,216.29101499999888,265.5996090000008,185.8300789999994
2018-09-18,154.12109399999827,142.82031199999983,124.56054700000095,216.29101499999888,265.5996090000008
2018-09-19,241.1289059999981,154.12109399999827,142.82031199999983,124.56054700000095,216.29101499999888
2018-09-20,183.65039000000252,241.1289059999981,154.12109399999827,142.82031199999983,124.56054700000095
2018-09-21,178.09960900000078,183.65039000000252,241.1289059999981,154.12109399999827,142.82031199999983
2018-09-24,88.79101500000252,178.09960900000078,183.65039000000252,241.1289059999981,154.12109399999827
2018-09-25,161.25976499999888,88.79101500000252,178.09960900000078,183.65039000000252,241.1289059999981
2018-09-26,159.26953100000173,161.25976499999888,88.79101500000252,178.09960900000078,183.65039000000252
2018-09-27,256.75,159.26953100000173,161.25976499999888,88.79101500000252,178.09960900000078
2018-09-28,177.06054700000095,256.75,159.26953100000173,161.25976499999888,88.79101500000252
2018-10-01,132.18945299999905,177.06054700000095,256.75,159.26953100000173,161.25976499999888
2018-10-02,141.92968799999653,132.18945299999905,177.06054700000095,256.75,159.26953100000173
2018-10-03,197.11914099999922,141.92968799999653,132.18945299999905,177.06054700000095,256.75
2018-10-04,162.73046900000554,197.11914099999922,141.92968799999653,132.18945299999905,177.06054700000095
2018-10-05,322.21093800000017,162.73046900000554,197.11914099999922,141.92968799999653,132.18945299999905
2018-10-08,374.3496090000008,322.21093800000017,162.73046900000554,197.11914099999922,141.92968799999653
2018-10-09,306.2597650000025,374.3496090000008,322.21093800000017,162.73046900000554,197.11914099999922
2018-10-10,215.7792969999973,306.2597650000025,374.3496090000008,322.21093800000017,162.73046900000554
2018-10-11,920.7695319999984,215.7792969999973,306.2597650000025,374.3496090000008,322.21093800000017
2018-10-12,783.8710939999983,920.7695319999984,215.7792969999973,306.2597650000025,374.3496090000008
2018-10-15,466.7207030000027,783.8710939999983,920.7695319999984,215.7792969999973,306.2597650000025
2018-10-16,238.53906300000017,466.7207030000027,783.8710939999983,920.7695319999984,215.7792969999973
2018-10-17,466.1503909999992,238.53906300000017,466.7207030000027,783.8710939999983,920.7695319999984
2018-10-18,330.92968799999653,466.1503909999992,238.53906300000017,466.7207030000027,783.8710939999983
2018-10-19,455.45117200000095,330.92968799999653,466.1503909999992,238.53906300000017,466.7207030000027
2018-10-22,258.69140699999843,455.45117200000095,330.92968799999653,466.1503909999992,238.53906300000017
2018-10-23,325.28906299999653,258.69140699999843,455.45117200000095,330.92968799999653,466.1503909999992
2018-10-24,538.9101559999981,325.28906299999653,258.69140699999843,455.45117200000095,330.92968799999653
2018-10-25,773.0410159999992,538.9101559999981,325.28906299999653,258.69140699999843,455.45117200000095
2018-10-26,458.7285159999992,773.0410159999992,538.9101559999981,325.28906299999653,258.69140699999843
2018-10-29,470.9707030000027,458.7285159999992,773.0410159999992,538.9101559999981,325.28906299999653
2018-10-30,918.3496090000008,470.9707030000027,458.7285159999992,773.0410159999992,538.9101559999981
2018-10-31,490.9902350000011,918.3496090000008,470.9707030000027,458.7285159999992,773.0410159999992
2018-11-01,327.73046800000157,490.9902350000011,918.3496090000008,470.9707030000027,458.7285159999992
2018-11-02,288.36132799999905,327.73046800000157,490.9902350000011,918.3496090000008,470.9707030000027
2018-11-05,500.2597659999992,288.36132799999905,327.73046800000157,490.9902350000011,918.3496090000008
2018-11-06,245.87890600000173,500.2597659999992,288.36132799999905,327.73046800000157,490.9902350000011
2018-11-07,206.95898400000078,245.87890600000173,500.2597659999992,288.36132799999905,327.73046800000157
2018-11-08,434.2597659999992,206.95898400000078,245.87890600000173,500.2597659999992,288.36132799999905
2018-11-09,195.91992200000095,434.2597659999992,206.95898400000078,245.87890600000173,500.2597659999992
2018-11-12,278.58007799999905,195.91992200000095,434.2597659999992,206.95898400000078,245.87890600000173
2018-11-13,626.201172000001,278.58007799999905,195.91992200000095,434.2597659999992,206.95898400000078
2018-11-14,317.25,626.201172000001,278.58007799999905,195.91992200000095,434.2597659999992
2018-11-15,565.46875,317.25,626.201172000001,278.58007799999905,195.91992200000095
2018-11-16,566.7714840000008,565.46875,317.25,626.201172000001,278.58007799999905
2018-11-19,362.42968799999653,566.7714840000008,565.46875,317.25,626.201172000001
2018-11-20,491.62890600000173,362.42968799999653,566.7714840000008,565.46875,317.25
2018-11-21,338.27929700000095,491.62890600000173,362.42968799999653,566.7714840000008,565.46875
2018-11-23,206.50976599999922,338.27929700000095,491.62890600000173,362.42968799999653,566.7714840000008
2018-11-26,140.06054700000095,206.50976599999922,338.27929700000095,491.62890600000173,362.42968799999653
2018-11-27,309.1582039999994,140.06054700000095,206.50976599999922,338.27929700000095,491.62890600000173
2018-11-28,334.7011719999973,309.1582039999994,140.06054700000095,206.50976599999922,338.27929700000095
2018-11-29,536.0898440000019,334.7011719999973,309.1582039999994,140.06054700000095,206.50976599999922
2018-11-30,276.25,536.0898440000019,334.7011719999973,309.1582039999994,140.06054700000095
2018-12-03,298.7402350000011,276.25,536.0898440000019,334.7011719999973,309.1582039999994
2018-12-04,309.70117200000095,298.7402350000011,276.25,536.0898440000019,334.7011719999973
2018-12-06,765.0097659999992,309.70117200000095,298.7402350000011,276.25,536.0898440000019
2018-12-07,708.7890630000002,765.0097659999992,309.70117200000095,298.7402350000011,276.25
2018-12-10,810.8398439999983,708.7890630000002,765.0097659999992,309.70117200000095,298.7402350000011
2018-12-11,619.4414060000017,810.8398439999983,708.7890630000002,765.0097659999992,309.70117200000095
2018-12-12,570.1992189999983,619.4414060000017,810.8398439999983,708.7890630000002,765.0097659999992
2018-12-13,319.1992190000019,570.1992189999983,619.4414060000017,810.8398439999983,708.7890630000002
2018-12-14,267.671875,319.1992190000019,570.1992189999983,619.4414060000017,810.8398439999983
2018-12-17,397.35156199999983,267.671875,319.1992190000019,570.1992189999983,619.4414060000017
2018-12-18,631.1992189999983,397.35156199999983,267.671875,319.1992190000019,570.1992189999983
2018-12-19,411.75,631.1992189999983,397.35156199999983,267.671875,319.1992190000019
2018-12-20,894.6992189999983,411.75,631.1992189999983,397.35156199999983,267.671875
2018-12-21,637.8886719999973,894.6992189999983,411.75,631.1992189999983,397.35156199999983
2018-12-24,858.25,637.8886719999973,894.6992189999983,411.75,631.1992189999983
2018-12-26,547.669922000001,858.25,637.8886719999973,894.6992189999983,411.75
2018-12-27,1166.390625,547.669922000001,858.25,637.8886719999973,894.6992189999983
2018-12-28,871.470702999999,1166.390625,547.669922000001,858.25,637.8886719999973
2018-12-31,400.55078100000173,871.470702999999,1166.390625,547.669922000001,858.25
2019-01-02,214.87890699999843,400.55078100000173,871.470702999999,1166.390625,547.669922000001
2019-01-03,484.8808590000008,214.87890699999843,400.55078100000173,871.470702999999,1166.390625
2019-01-04,537.9804689999983,484.8808590000008,214.87890699999843,400.55078100000173,871.470702999999
2019-01-07,623.720702999999,537.9804689999983,484.8808590000008,214.87890699999843,400.55078100000173
2019-01-08,386.1503900000025,623.720702999999,537.9804689999983,484.8808590000008,214.87890699999843
2019-01-09,283.20117200000095,386.1503900000025,623.720702999999,537.9804689999983,484.8808590000008
2019-01-10,381.55078199999843,283.20117200000095,386.1503900000025,623.720702999999,537.9804689999983
2019-01-11,311.52929700000095,381.55078199999843,283.20117200000095,386.1503900000025,623.720702999999
2019-01-14,198.16015699999843,311.52929700000095,381.55078199999843,283.20117200000095,386.1503900000025
2019-01-15,199.66015699999843,198.16015699999843,311.52929700000095,381.55078199999843,283.20117200000095
2019-01-16,211.21093699999983,199.66015699999843,198.16015699999843,311.52929700000095,381.55078199999843
2019-01-17,168.88867200000095,211.21093699999983,199.66015699999843,198.16015699999843,311.52929700000095
2019-01-18,385.56054700000095,168.88867200000095,211.21093699999983,199.66015699999843,198.16015699999843
2019-01-22,291.1914059999981,385.56054700000095,168.88867200000095,211.21093699999983,199.66015699999843
2019-01-23,363.44921899999827,291.1914059999981,385.56054700000095,168.88867200000095,211.21093699999983
2019-01-24,393.8105469999973,363.44921899999827,291.1914059999981,385.56054700000095,168.88867200000095
2019-01-25,203.57031200000347,393.8105469999973,363.44921899999827,291.1914059999981,385.56054700000095
2019-01-28,183.40039099999922,203.57031200000347,393.8105469999973,363.44921899999827,291.1914059999981
2019-01-29,273.0410159999992,183.40039099999922,203.57031200000347,393.8105469999973,363.44921899999827
2019-01-30,170.83007799999905,273.0410159999992,183.40039099999922,203.57031200000347,393.8105469999973
2019-01-31,318.71875,170.83007799999905,273.0410159999992,183.40039099999922,203.57031200000347
2019-02-01,207.52929700000095,318.71875,170.83007799999905,273.0410159999992,183.40039099999922
2019-02-04,210.66015699999843,207.52929700000095,318.71875,170.83007799999905,273.0410159999992
2019-02-05,262.2402340000008,210.66015699999843,207.52929700000095,318.71875,170.83007799999905
2019-02-06,139.66992200000095,262.2402340000008,210.66015699999843,207.52929700000095,318.71875
2019-02-07,126.97851599999922,139.66992200000095,262.2402340000008,210.66015699999843,207.52929700000095
2019-02-08,313.7402349999975,126.97851599999922,139.66992200000095,262.2402340000008,210.66015699999843
2019-02-11,223.35156199999983,313.7402349999975,126.97851599999922,139.66992200000095,262.2402340000008
2019-02-12,187.65039099999922,223.35156199999983,313.7402349999975,126.97851599999922,139.66992200000095
2019-02-13,306.9511719999973,187.65039099999922,223.35156199999983,313.7402349999975,126.97851599999922
2019-02-14,145.08984399999827,306.9511719999973,187.65039099999922,223.35156199999983,313.7402349999975
2019-02-15,250.81054700000095,145.08984399999827,306.9511719999973,187.65039099999922,223.35156199999983
2019-02-19,319.08984399999827,250.81054700000095,145.08984399999827,306.9511719999973,187.65039099999922
2019-02-20,141.42968699999983,319.08984399999827,250.81054700000095,145.08984399999827,306.9511719999973
2019-02-21,139.71875,141.42968699999983,319.08984399999827,250.81054700000095,145.08984399999827
2019-02-22,176.6699210000006,139.71875,141.42968699999983,319.08984399999827,250.81054700000095
2019-02-25,146.63085999999748,176.6699210000006,139.71875,141.42968699999983,319.08984399999827
2019-02-26,160.75976599999922,146.63085999999748,176.6699210000006,139.71875,141.42968699999983
2019-02-27,189.27929700000095,160.75976599999922,146.63085999999748,176.6699210000006,139.71875
2019-02-28,162.4394539999994,189.27929700000095,160.75976599999922,146.63085999999748,176.6699210000006
2019-03-01,132.65039099999922,162.4394539999994,189.27929700000095,160.75976599999922,146.63085999999748
2019-03-04,229.55078100000173,132.65039099999922,162.4394539999994,189.27929700000095,160.75976599999922
2019-03-05,544.4296879999965,229.55078100000173,132.65039099999922,162.4394539999994,189.27929700000095
2019-03-06,151.51953199999843,544.4296879999965,229.55078100000173,132.65039099999922,162.4394539999994
2019-03-07,203.89843699999983,151.51953199999843,544.4296879999965,229.55078100000173,132.65039099999922
2019-03-08,292.89843799999653,203.89843699999983,151.51953199999843,544.4296879999965,229.55078100000173
2019-03-11,213.67968699999983,292.89843799999653,203.89843699999983,151.51953199999843,544.4296879999965
2019-03-12,453.6308590000008,213.67968699999983,292.89843799999653,203.89843699999983,151.51953199999843
2019-03-13,153.2695309999981,453.6308590000008,213.67968699999983,292.89843799999653,203.89843699999983
2019-03-14,205.17968699999983,153.2695309999981,453.6308590000008,213.67968699999983,292.89843799999653
2019-03-15,131.5292969999973,205.17968699999983,153.2695309999981,453.6308590000008,213.67968699999983
2019-03-18,278.21093700000347,131.5292969999973,205.17968699999983,153.2695309999981,453.6308590000008
2019-03-19,139.109375,278.21093700000347,131.5292969999973,205.17968699999983,153.2695309999981
2019-03-20,294.7597659999992,139.109375,278.21093700000347,131.5292969999973,205.17968699999983
2019-03-21,258.88867200000095,294.7597659999992,139.109375,278.21093700000347,131.5292969999973
2019-03-22,352.12109399999827,258.88867200000095,294.7597659999992,139.109375,278.21093700000347
2019-03-25,375.56054700000095,352.12109399999827,258.88867200000095,294.7597659999992,139.109375
2019-03-26,231.00976500000252,375.56054700000095,352.12109399999827,258.88867200000095,294.7597659999992
2019-03-27,251.50976599999922,231.00976500000252,375.56054700000095,352.12109399999827,258.88867200000095
2019-03-28,332.9003909999992,251.50976599999922,231.00976500000252,375.56054700000095,352.12109399999827
2019-03-29,166.7207030000027,332.9003909999992,251.50976599999922,231.00976500000252,375.56054700000095
2019-04-01,177.65039099999922,166.7207030000027,332.9003909999992,251.50976599999922,231.00976500000252
2019-04-02,209.21093800000017,177.65039099999922,166.7207030000027,332.9003909999992,251.50976599999922
2019-04-03,98.92968699999983,209.21093800000017,177.65039099999922,166.7207030000027,332.9003909999992
2019-04-04,143.6992190000019,98.92968699999983,209.21093800000017,177.65039099999922,166.7207030000027
2019-04-05,186.12109399999827,143.6992190000019,98.92968699999983,209.21093800000017,177.65039099999922
2019-04-08,116.75,186.12109399999827,143.6992190000019,98.92968699999983,209.21093800000017
2019-04-09,98.62109399999827,116.75,186.12109399999827,143.6992190000019,98.92968699999983
2019-04-10,143.19921899999827,98.62109399999827,116.75,186.12109399999827,143.6992190000019
2019-04-11,108.25,143.19921899999827,98.62109399999827,116.75,186.12109399999827
2019-04-12,167.29101500000252,108.25,143.19921899999827,98.62109399999827,116.75
2019-04-15,126.95898500000112,167.29101500000252,108.25,143.19921899999827,98.62109399999827
2019-04-16,108.42968699999983,126.95898500000112,167.29101500000252,108.25,143.19921899999827
2019-04-17,133.52148500000112,108.42968699999983,126.95898500000112,167.29101500000252,108.25
2019-04-18,109.16015600000173,133.52148500000112,108.42968699999983,126.95898500000112,167.29101500000252
2019-04-22,157.890625,109.16015600000173,133.52148500000112,108.42968699999983,126.95898500000112
2019-04-23,94.44140600000173,157.890625,109.16015600000173,133.52148500000112,108.42968699999983
2019-04-24,192.40039099999922,94.44140600000173,157.890625,109.16015600000173,133.52148500000112
2019-04-25,97.72070299999905,192.40039099999922,94.44140600000173,157.890625,109.16015600000173
2019-04-26,226.2011719999973,97.72070299999905,192.40039099999922,94.44140600000173,157.890625
2019-04-29,151.00976599999922,226.2011719999973,97.72070299999905,192.40039099999922,94.44140600000173
2019-04-30,81.78906300000017,151.00976599999922,226.2011719999973,97.72070299999905,192.40039099999922
2019-05-01,194.56836000000112,81.78906300000017,151.00976599999922,226.2011719999973,97.72070299999905
2019-05-02,263.0097659999992,194.56836000000112,81.78906300000017,151.00976599999922,226.2011719999973
2019-05-03,274.33007799999905,263.0097659999992,194.56836000000112,81.78906300000017,151.00976599999922
2019-05-06,164.8710940000019,274.33007799999905,263.0097659999992,194.56836000000112,81.78906300000017
2019-05-07,442.32031200000347,164.8710940000019,274.33007799999905,263.0097659999992,194.56836000000112
2019-05-08,487.18945299999905,442.32031200000347,164.8710940000019,274.33007799999905,263.0097659999992
2019-05-09,228.68945299999905,487.18945299999905,442.32031200000347,164.8710940000019,274.33007799999905
2019-05-10,367.5,228.68945299999905,487.18945299999905,442.32031200000347,164.8710940000019
2019-05-13,549.4609380000002,367.5,228.68945299999905,487.18945299999905,442.32031200000347
2019-05-14,345.55078100000173,549.4609380000002,367.5,228.68945299999905,487.18945299999905
2019-05-15,304.9316409999992,345.55078100000173,549.4609380000002,367.5,228.68945299999905
2019-05-16,382.95117200000095,304.9316409999992,345.55078100000173,549.4609380000002,367.5
2019-05-17,265.4902340000008,382.95117200000095,304.9316409999992,345.55078100000173,549.4609380000002
2019-05-20,290.96093699999983,265.4902340000008,382.95117200000095,304.9316409999992,345.55078100000173
2019-05-21,191.16015699999843,290.96093699999983,265.4902340000008,382.95117200000095,304.9316409999992
2019-05-22,118.66015600000173,191.16015699999843,290.96093699999983,265.4902340000008,382.95117200000095
2019-05-23,123.10156300000017,118.66015600000173,191.16015699999843,290.96093699999983,265.4902340000008
2019-05-24,329.9003900000025,123.10156300000017,118.66015600000173,191.16015699999843,290.96093699999983
2019-05-28,174.6113280000027,329.9003900000025,123.10156300000017,118.66015600000173,191.16015699999843
2019-05-29,375.35156199999983,174.6113280000027,329.9003900000025,123.10156300000017,118.66015600000173
2019-05-30,293.2207039999994,375.35156199999983,174.6113280000027,329.9003900000025,123.10156300000017
2019-05-31,151.78906300000017,293.2207039999994,375.35156199999983,174.6113280000027,329.9003900000025
2019-06-03,236.80078100000173,151.78906300000017,293.2207039999994,375.35156199999983,174.6113280000027
2019-06-04,254.640625,236.80078100000173,151.78906300000017,293.2207039999994,375.35156199999983
2019-06-05,380.94921800000157,254.640625,236.80078100000173,151.78906300000017,293.2207039999994
2019-06-06,171.0800780000027,380.94921800000157,254.640625,236.80078100000173,151.78906300000017
2019-06-07,282.25,171.0800780000027,380.94921800000157,254.640625,236.80078100000173
2019-06-10,304.02929700000095,282.25,171.0800780000027,380.94921800000157,254.640625
2019-06-11,156.29882799999905,304.02929700000095,282.25,171.0800780000027,380.94921800000157
2019-06-12,249.80078100000173,156.29882799999905,304.02929700000095,282.25,171.0800780000027
2019-06-13,123.43945299999905,249.80078100000173,156.29882799999905,304.02929700000095,282.25
2019-06-14,151.19921800000157,123.43945299999905,249.80078100000173,156.29882799999905,304.02929700000095
2019-06-17,174.1894530000027,151.19921800000157,123.43945299999905,249.80078100000173,156.29882799999905
2019-06-18,115.97851599999922,174.1894530000027,151.19921800000157,123.43945299999905,249.80078100000173
2019-06-19,299.3886719999973,115.97851599999922,174.1894530000027,151.19921800000157,123.43945299999905
2019-06-20,154.69921899999827,299.3886719999973,115.97851599999922,174.1894530000027,151.19921800000157
2019-06-21,258.94140600000173,154.69921899999827,299.3886719999973,115.97851599999922,174.1894530000027
2019-06-24,201.50000000000364,258.94140600000173,154.69921899999827,299.3886719999973,115.97851599999922
2019-06-25,83.15039000000252,201.50000000000364,258.94140600000173,154.69921899999827,299.3886719999973
2019-06-26,224.65039099999922,83.15039000000252,201.50000000000364,258.94140600000173,154.69921899999827
2019-06-27,123.70898500000112,224.65039099999922,83.15039000000252,201.50000000000364,258.94140600000173
2019-06-28,141.9199210000006,123.70898500000112,224.65039099999922,83.15039000000252,201.50000000000364
2019-07-01,116.08007799999905,141.9199210000006,123.70898500000112,224.65039099999922,83.15039000000252
2019-07-02,274.42968699999983,116.08007799999905,141.9199210000006,123.70898500000112,224.65039099999922
2019-07-03,154.91015600000173,274.42968699999983,116.08007799999905,141.9199210000006,123.70898500000112
2019-07-05,134.56054700000095,154.91015600000173,274.42968699999983,116.08007799999905,141.9199210000006
2019-07-08,217.48046900000554,134.56054700000095,154.91015600000173,274.42968699999983,116.08007799999905
2019-07-09,94.27148400000078,217.48046900000554,134.56054700000095,154.91015600000173,274.42968699999983
2019-07-10,142.1289059999981,94.27148400000078,217.48046900000554,134.56054700000095,154.91015600000173
2019-07-11,170.33984399999827,142.1289059999981,94.27148400000078,217.48046900000554,134.56054700000095
2019-07-12,172.1289059999981,170.33984399999827,142.1289059999981,94.27148400000078,217.48046900000554
2019-07-15,198.3398440000019,172.1289059999981,170.33984399999827,142.1289059999981,94.27148400000078
2019-07-16,70.51953099999082,198.3398440000019,172.1289059999981,170.33984399999827,142.1289059999981
2019-07-17,108.43945400000302,70.51953099999082,198.3398440000019,172.1289059999981,170.33984399999827
2019-07-18,124.67968800000745,108.43945400000302,70.51953099999082,198.3398440000019,172.1289059999981
2019-07-19,198.02148400000442,124.67968800000745,108.43945400000302,70.51953099999082,198.3398440000019
2019-07-22,197.18164099999558,198.02148400000442,124.67968800000745,108.43945400000302,70.51953099999082
2019-07-23,138.86913999999888,197.18164099999558,198.02148400000442,124.67968800000745,108.43945400000302
2019-07-24,164.23046900000918,138.86913999999888,197.18164099999558,198.02148400000442,124.67968800000745
2019-07-25,99.91992199999731,164.23046900000918,138.86913999999888,197.18164099999558,198.02148400000442
2019-07-26,235.9492190000019,99.91992199999731,164.23046900000918,138.86913999999888,197.18164099999558
2019-07-29,90.44921899999827,235.9492190000019,99.91992199999731,164.23046900000918,138.86913999999888
2019-07-30,97.78906199999255,90.44921899999827,235.9492190000019,99.91992199999731,164.23046900000918
2019-07-31,154.5,97.78906199999255,90.44921899999827,235.9492190000019,99.91992199999731
2019-08-01,562.0507820000021,154.5,97.78906199999255,90.44921899999827,235.9492190000019
2019-08-02,626.8789059999981,562.0507820000021,154.5,97.78906199999255,90.44921899999827
2019-08-05,320.7988280000027,626.8789059999981,562.0507820000021,154.5,97.78906199999255
2019-08-06,735.8496099999975,320.7988280000027,626.8789059999981,562.0507820000021,154.5
2019-08-07,327.81054700000095,735.8496099999975,320.7988280000027,626.8789059999981,562.0507820000021
2019-08-08,632.8203130000002,327.81054700000095,735.8496099999975,320.7988280000027,626.8789059999981
2019-08-09,345.5097659999992,632.8203130000002,327.81054700000095,735.8496099999975,320.7988280000027
2019-08-12,315.71875,345.5097659999992,632.8203130000002,327.81054700000095,735.8496099999975
2019-08-13,354.0097659999992,315.71875,345.5097659999992,632.8203130000002,327.81054700000095
2019-08-14,593.720702999999,354.0097659999992,315.71875,345.5097659999992,632.8203130000002
2019-08-15,563.4902340000008,593.720702999999,354.0097659999992,315.71875,345.5097659999992
2019-08-16,300.08984399999827,563.4902340000008,593.720702999999,354.0097659999992,315.71875
2019-08-19,251.48046899999827,300.08984399999827,563.4902340000008,593.720702999999,354.0097659999992
2019-08-20,202.25976599999922,251.48046899999827,300.08984399999827,563.4902340000008,593.720702999999
2019-08-21,208.11914099999922,202.25976599999922,251.48046899999827,300.08984399999827,563.4902340000008
2019-08-22,126.55078199999843,208.11914099999922,202.25976599999922,251.48046899999827,300.08984399999827
2019-08-23,289.76953100000173,126.55078199999843,208.11914099999922,202.25976599999922,251.48046899999827
2019-08-26,813.109375,289.76953100000173,126.55078199999843,208.11914099999922,202.25976599999922
2019-08-27,224.859375,813.109375,289.76953100000173,126.55078199999843,208.11914099999922
2019-08-28,332.16992200000095,224.859375,813.109375,289.76953100000173,126.55078199999843
2019-08-29,404.140625,332.16992200000095,224.859375,813.109375,289.76953100000173
2019-08-30,223.1289059999981,404.140625,332.16992200000095,224.859375,813.109375
2019-09-03,219.02929700000095,223.1289059999981,404.140625,332.16992200000095,224.859375
2019-09-04,220.03906300000017,219.02929700000095,223.1289059999981,404.140625,332.16992200000095
2019-09-05,117.91015600000173,220.03906300000017,219.02929700000095,223.1289059999981,404.140625
2019-09-06,233.15039000000252,117.91015600000173,220.03906300000017,219.02929700000095,223.1289059999981
2019-09-09,152.47851600000286,233.15039000000252,117.91015600000173,220.03906300000017,219.02929700000095
2019-09-10,138.65038999999524,152.47851600000286,233.15039000000252,117.91015600000173,220.03906300000017
2019-09-11,192.37890699999843,138.65038999999524,152.47851600000286,233.15039000000252,117.91015600000173
2019-09-12,251.5585940000019,192.37890699999843,138.65038999999524,152.47851600000286,233.15039000000252
2019-09-13,201.7207029999954,251.5585940000019,192.37890699999843,138.65038999999524,152.47851600000286
2019-09-16,83.60156200000347,201.7207029999954,251.5585940000019,192.37890699999843,138.65038999999524
2019-09-17,140.30859399999827,83.60156200000347,201.7207029999954,251.5585940000019,192.37890699999843
2019-09-18,126.66015600000173,140.30859399999827,83.60156200000347,201.7207029999954,251.5585940000019
2019-09-19,262.7792969999973,126.66015600000173,140.30859399999827,83.60156200000347,201.7207029999954
2019-09-20,207.95898400000442,262.7792969999973,126.66015600000173,140.30859399999827,83.60156200000347
2019-09-23,268.07031199999983,207.95898400000442,262.7792969999973,126.66015600000173,140.30859399999827
2019-09-24,179.7304690000019,268.07031199999983,207.95898400000442,262.7792969999973,126.66015600000173
2019-09-25,374.71875,179.7304690000019,268.07031199999983,207.95898400000442,262.7792969999973
2019-09-26,260.7011720000046,374.71875,179.7304690000019,268.07031199999983,207.95898400000442
2019-09-27,211.2304690000019,260.7011720000046,374.71875,179.7304690000019,268.07031199999983
2019-09-30,296.71875,211.2304690000019,260.7011720000046,374.71875,179.7304690000019
2019-10-01,146.5292970000046,296.71875,211.2304690000019,260.7011720000046,374.71875
2019-10-02,483.9902350000011,146.5292970000046,296.71875,211.2304690000019,260.7011720000046
2019-10-03,463.91992200000095,483.9902350000011,146.5292970000046,296.71875,211.2304690000019
2019-10-04,461.7382809999981,463.91992200000095,483.9902350000011,146.5292970000046,296.71875
2019-10-07,319.0410150000025,461.7382809999981,463.91992200000095,483.9902350000011,146.5292970000046
2019-10-08,231.3007809999981,319.0410150000025,461.7382809999981,463.91992200000095,483.9902350000011
2019-10-09,282.0097659999992,231.3007809999981,319.0410150000025,461.7382809999981,463.91992200000095
2019-10-10,174.56054700000095,282.0097659999992,231.3007809999981,319.0410150000025,461.7382809999981
2019-10-11,288.80078100000173,174.56054700000095,282.0097659999992,231.3007809999981,319.0410150000025
2019-10-14,319.77148399999714,288.80078100000173,174.56054700000095,282.0097659999992,231.3007809999981
2019-10-15,125.15038999999524,319.77148399999714,288.80078100000173,174.56054700000095,282.0097659999992
2019-10-16,308.91015600000173,125.15038999999524,319.77148399999714,288.80078100000173,174.56054700000095
2019-10-17,115.0507809999981,308.91015600000173,125.15038999999524,319.77148399999714,288.80078100000173
2019-10-18,141.87109300000157,115.0507809999981,308.91015600000173,125.15038999999524,319.77148399999714
2019-10-21,248.11914099999922,141.87109300000157,115.0507809999981,308.91015600000173,125.15038999999524
2019-10-22,105.05078100000537,248.11914099999922,141.87109300000157,115.0507809999981,308.91015600000173
2019-10-23,164.03125,105.05078100000537,248.11914099999922,141.87109300000157,115.0507809999981
2019-10-24,151.890625,164.03125,105.05078100000537,248.11914099999922,141.87109300000157
2019-10-25,217.43945300000632,151.890625,164.03125,105.05078100000537,248.11914099999922
2019-10-28,249.6894530000027,217.43945300000632,151.890625,164.03125,105.05078100000537
2019-10-29,139.16992099999698,249.6894530000027,217.43945300000632,151.890625,164.03125
2019-10-30,126.17968699999255,139.16992099999698,249.6894530000027,217.43945300000632,151.890625
2019-10-31,204.71875,126.17968699999255,139.16992099999698,249.6894530000027,217.43945300000632
2019-11-01,270.0800780000027,204.71875,126.17968699999255,139.16992099999698,249.6894530000027
2019-11-04,204.4804690000019,270.0800780000027,204.71875,126.17968699999255,139.16992099999698
2019-11-05,115.51953099999082,204.4804690000019,270.0800780000027,204.71875,126.17968699999255
2019-11-06,106.80859399999827,115.51953099999082,204.4804690000019,270.0800780000027,204.71875
2019-11-07,118.24023399999714,106.80859399999827,115.51953099999082,204.4804690000019,270.0800780000027
